,Year,GTCBSA,PEHRUSLT,PEDIPGED,PECYC,PEAFEVER,PEAFNOW,Hours Usually Worked,PEERNLAB,Household Income,Household Members,HS or GED,Years of College,Ever in Military,Currently in Military,Union Member,City
1,23,10180,19.89041095890411,-0.589041095890411,-0.3150684931506849,1.0,1.3013698630136987,0.547945205479452,-0.6712328767123288,11.95890410958904,3.7945205479452055,0.1917808219178082,0.3561643835616438,0.08,0.0,0.0410958904109589,"Abilene, TX"
2,23,10420,20.547770700636942,-0.6050955414012739,-0.07006369426751592,1.4203821656050954,1.5605095541401275,-0.21019108280254778,-0.7452229299363057,13.388535031847134,2.8089171974522293,0.19745222929936307,0.445859872611465,0.07692307692307693,0.0,0.012738853503184714,"Akron, OH"
3,23,10580,16.427710843373493,-0.572289156626506,-0.25301204819277107,1.3795180722891567,1.5301204819277108,0.4457831325301205,-0.6927710843373494,12.819277108433734,3.0481927710843375,0.20481927710843373,0.3493975903614458,0.09558823529411764,0.0,0.03614457831325301,"Albany-Schenectady-Troy, NY"
4,23,10740,16.102880658436213,-0.5445816186556928,-0.1056241426611797,1.4115226337448559,1.5432098765432098,0.28532235939643347,-0.6817558299039781,12.323731138545954,3.0,0.2167352537722908,0.44718792866941015,0.07973421926910298,0.0,0.010973936899862825,"Albuquerque, NM"
5,23,10900,18.598684210526315,-0.5921052631578947,-0.27631578947368424,1.256578947368421,1.3486842105263157,0.5855263157894737,-0.6973684210526315,12.730263157894736,3.210526315789474,0.20394736842105263,0.3684210526315789,0.04310344827586207,0.0,0.013157894736842105,"Allentown-Bethlehem-Easton, PA-NJ"
6,23,11100,17.698630136986303,-0.547945205479452,-0.0136986301369863,1.1917808219178083,1.5068493150684932,1.1095890410958904,-0.7123287671232876,11.657534246575343,3.0,0.2191780821917808,0.4383561643835616,0.09090909090909091,0.0,0.0,"Amarillo, TX"
7,23,11460,18.16176470588235,-0.75,-0.20588235294117646,1.4852941176470589,1.5588235294117647,-1.0,-0.7794117647058824,12.308823529411764,2.4411764705882355,0.11764705882352941,0.35294117647058826,0.08620689655172414,0.0,0.0,"Ann Arbor, MI"
8,23,11540,17.733333333333334,-0.7777777777777778,0.24444444444444444,1.3555555555555556,1.5333333333333334,1.5333333333333334,-0.4888888888888889,13.022222222222222,2.9555555555555557,0.1111111111111111,0.5777777777777777,0.13513513513513514,0.0,0.022222222222222223,"Appleton, WI"
9,23,11700,13.52,-0.58,0.02,1.31,1.37,-1.0,-0.82,12.25,3.46,0.21,0.44,0.038461538461538464,0.0,0.0,"Asheville, NC"
10,23,12020,20.19047619047619,-0.36507936507936506,-0.4444444444444444,1.4603174603174602,1.5238095238095237,-0.6666666666666666,-0.7619047619047619,12.761904761904763,3.2857142857142856,0.2857142857142857,0.2698412698412698,0.019230769230769232,0.0,0.0,"Athens-Clarke County, GA"
11,23,12060,18.38066723695466,-0.5303678357570573,-0.31736526946107785,1.3669803250641575,1.5166809238665526,0.6903336184773311,-0.6663815226689478,12.946963216424294,3.3387510692899913,0.2292557741659538,0.32506415739948674,0.06574761399787911,0.0010193679918450561,0.0051325919589392645,"Atlanta-Sandy Springs-Roswell, GA"
12,23,12100,18.19607843137255,-0.5490196078431373,-0.09803921568627451,1.1568627450980393,1.3529411764705883,-0.19607843137254902,-0.8627450980392157,12.019607843137255,3.4313725490196076,0.21568627450980393,0.39215686274509803,0.10526315789473684,0.0,0.0392156862745098,"Atlantic City-Hammonton, NJ"
13,23,12220,18.324324324324323,-0.5855855855855856,0.04504504504504504,1.5045045045045045,1.7027027027027026,-0.2972972972972973,-0.5405405405405406,12.585585585585585,2.6396396396396398,0.1981981981981982,0.45045045045045046,0.13402061855670103,0.0,0.02702702702702703,"Auburn-Opelika, AL"
14,23,12260,18.257668711656443,-0.36809815950920244,-0.26380368098159507,1.4417177914110428,1.5582822085889572,0.15950920245398773,-0.7423312883435583,11.938650306748466,3.1595092024539877,0.294478527607362,0.31901840490797545,0.07352941176470588,0.0,0.0,"Augusta-Richmond County, GA-SC"
15,23,12420,20.172661870503596,-0.6690647482014388,-0.2278177458033573,1.4316546762589928,1.5371702637889688,-0.10551558752997602,-0.7482014388489209,12.556354916067146,3.081534772182254,0.15587529976019185,0.37410071942446044,0.06936416184971098,0.0028328611898017,0.007194244604316547,"Austin-Round Rock, TX"
16,23,12540,18.110091743119266,-0.5596330275229358,0.01834862385321101,1.3211009174311927,1.4220183486238531,-0.5045871559633027,-0.7614678899082569,13.504587155963304,3.5137614678899083,0.22018348623853212,0.5412844036697247,0.05813953488372093,0.0,0.03669724770642202,"Bakersfield, CA"
17,23,12580,20.906015037593985,-0.6071428571428571,-0.32706766917293234,1.281954887218045,1.4097744360902256,0.4849624060150376,-0.6428571428571429,13.780075187969924,3.300751879699248,0.18796992481203006,0.30451127819548873,0.08173076923076923,0.004672897196261682,0.020676691729323307,"Baltimore-Columbia-Towson, MD"
18,23,12620,17.25287356321839,-0.3563218390804598,-0.28735632183908044,1.3448275862068966,1.5172413793103448,0.896551724137931,-0.6666666666666666,11.758620689655173,3.1379310344827585,0.3103448275862069,0.39080459770114945,0.08571428571428572,0.0,0.011494252873563218,"Bangor, ME"
19,23,12700,19.27659574468085,-0.8297872340425532,-0.2553191489361702,1.2553191489361701,1.4893617021276595,-1.0,-1.0,13.595744680851064,3.5106382978723403,0.0851063829787234,0.40425531914893614,0.05555555555555555,0.0,0.0,"Barnstable Town, MA"
20,23,12940,16.427884615384617,-0.5961538461538461,0.016826923076923076,1.2067307692307692,1.4302884615384615,1.3269230769230769,-0.65625,11.971153846153847,3.298076923076923,0.1971153846153846,0.5072115384615384,0.07643312101910828,0.0,0.002403846153846154,"Baton Rouge, LA"
21,23,12980,10.914893617021276,-0.5957446808510638,0.2978723404255319,1.3191489361702127,1.4042553191489362,1.5106382978723405,-0.6808510638297872,10.297872340425531,3.2127659574468086,0.19148936170212766,0.5319148936170213,0.05405405405405406,0.02631578947368421,0.0,"Battle Creek, MI"
22,23,13140,16.62,-0.67,-0.04,1.29,1.31,-0.32,-0.74,12.2,2.9,0.16,0.44,0.025974025974025976,0.0,0.01,"Beaumont-Port Arthur, TX"
23,23,13460,18.69333333333333,-0.7,0.16666666666666666,1.6266666666666667,1.7533333333333334,0.5733333333333334,-0.62,13.466666666666667,2.7466666666666666,0.14666666666666667,0.5933333333333334,0.10294117647058823,0.007246376811594203,0.0,"Bend-Redmond, OR"
24,23,13740,14.578947368421053,-0.4093567251461988,-0.21637426900584794,1.5321637426900585,1.6783625730994152,1.432748538011696,-0.7485380116959064,11.771929824561404,2.4853801169590644,0.2807017543859649,0.3742690058479532,0.11333333333333333,0.006535947712418301,0.011695906432748537,"Billings, MT"
25,23,13780,13.865168539325843,-0.48314606741573035,-0.07865168539325842,1.3258426966292134,1.4269662921348314,-0.0449438202247191,-0.7415730337078652,10.651685393258427,2.797752808988764,0.23595505617977527,0.42696629213483145,0.08450704225352113,0.0,0.011235955056179775,"Binghamton, NY"
26,23,13820,15.004301075268817,-0.4559139784946237,-0.2860215053763441,1.3290322580645162,1.4645161290322581,-0.26666666666666666,-0.7139784946236559,11.391397849462365,2.9698924731182794,0.26021505376344084,0.32688172043010755,0.08870967741935484,0.0,0.004301075268817204,"Birmingham-Hoover, AL"
27,23,13980,21.4,-0.42857142857142855,-0.7714285714285715,1.5714285714285714,1.5714285714285714,0.17142857142857143,-0.3142857142857143,11.971428571428572,2.7142857142857144,0.2857142857142857,0.11428571428571428,0.0,0.0,0.0,"Blacksburg-Christiansburg-Radford, VA"
28,23,14010,14.681818181818182,-0.7727272727272727,-0.38636363636363635,1.3636363636363635,1.4545454545454546,-0.25,-0.8636363636363636,11.863636363636363,2.909090909090909,0.11363636363636363,0.25,0.02857142857142857,0.0,0.0,"Bloomington, IL"
29,23,14020,20.863636363636363,-0.22727272727272727,-0.5909090909090909,1.8636363636363635,1.8636363636363635,6.454545454545454,-0.3181818181818182,11.590909090909092,2.0,0.36363636363636365,0.22727272727272727,0.0,0.0,0.0,"Bloomington, IN"
30,23,14260,16.2,-0.5594202898550724,-0.07536231884057971,1.2768115942028986,1.4130434782608696,0.5246376811594203,-0.744927536231884,12.933333333333334,3.4231884057971014,0.20869565217391303,0.47246376811594204,0.08534322820037106,0.00539568345323741,0.0014492753623188406,"Boise City, ID"
31,23,14460,17.790750141003947,-0.6480541455160744,-0.3761985335589397,1.3965031020868584,1.52058657642414,0.320360970107163,-0.6835871404399323,13.56965595036661,3.2853919909757474,0.17146080090242527,0.30005640157924424,0.045201668984700974,0.0006711409395973154,0.011844331641285956,"Boston-Cambridge-Newton, MA-NH"
32,23,14500,18.928571428571427,-0.6666666666666666,-0.19047619047619047,1.880952380952381,2.0,1.8095238095238095,-0.7857142857142857,13.714285714285714,2.8095238095238093,0.16666666666666666,0.38095238095238093,0.04878048780487805,0.0,0.0,"Boulder, CO"
33,23,14540,21.77777777777778,-0.8222222222222222,-0.5555555555555556,1.2222222222222223,1.3333333333333333,0.8222222222222222,-0.6444444444444445,14.022222222222222,3.1777777777777776,0.08888888888888889,0.17777777777777778,0.058823529411764705,0.0,0.044444444444444446,"Bowling Green, KY"
34,23,14860,16.742372881355934,-0.6067796610169491,-0.44745762711864406,1.4779661016949153,1.5525423728813559,0.11186440677966102,-0.7830508474576271,13.013559322033899,3.3254237288135595,0.19661016949152543,0.26101694915254237,0.05241935483870968,0.0,0.01694915254237288,"Bridgeport-Stamford-Norwalk, CT"
35,23,15180,13.727272727272727,-0.7045454545454546,0.0,1.3863636363636365,1.7272727272727273,0.9545454545454546,-0.7272727272727273,10.386363636363637,3.227272727272727,0.13636363636363635,0.5,0.08333333333333333,0.0,0.0,"Brownsville-Harlingen, TX"
36,23,15380,15.307017543859649,-0.5350877192982456,-0.14035087719298245,1.4342105263157894,1.5526315789473684,1.0570175438596492,-0.7105263157894737,12.342105263157896,3.4473684210526314,0.2149122807017544,0.37719298245614036,0.07894736842105263,0.0,0.013157894736842105,"Buffalo-Cheektowaga-Niagara Falls, NY"
37,23,15500,14.717171717171718,-0.6868686868686869,0.40404040404040403,1.6262626262626263,1.8181818181818181,1.5555555555555556,-0.6666666666666666,12.181818181818182,3.080808080808081,0.15151515151515152,0.7171717171717171,0.07865168539325842,0.0,0.0,"Burlington, NC"
38,23,15540,19.771255060728745,-0.6275303643724697,-0.4716599190283401,1.3724696356275303,1.4898785425101215,0.38461538461538464,-0.6882591093117408,13.196356275303645,2.8906882591093117,0.18016194331983806,0.2408906882591093,0.05527638190954774,0.0,0.022267206477732792,"Burlington-South Burlington, VT"
39,23,15680,18.04,-0.68,-0.2,1.6,1.64,-1.0,-0.8,13.32,2.28,0.16,0.4,0.045454545454545456,0.0,0.04,"California-Lexington Park, MD"
40,23,15940,17.73972602739726,-0.3835616438356164,-0.1917808219178082,1.2876712328767124,1.4246575342465753,2.328767123287671,-0.3835616438356164,12.219178082191782,2.9178082191780823,0.2876712328767123,0.4246575342465753,0.1206896551724138,0.0,0.0410958904109589,"Canton-Massillon, OH"
41,23,15980,17.17543859649123,-0.6140350877192983,-0.02631578947368421,1.412280701754386,1.5,0.07894736842105263,-0.8421052631578947,12.017543859649123,2.719298245614035,0.18421052631578946,0.4824561403508772,0.07446808510638298,0.0,0.0,"Cape Coral-Fort Myers, FL"
42,23,16060,16.11111111111111,-0.5185185185185185,0.07407407407407407,0.8888888888888888,1.0,-0.07407407407407407,-0.8148148148148148,12.851851851851851,3.6666666666666665,0.18518518518518517,0.5555555555555556,0.0,0.0,0.037037037037037035,"Carbondale-Marion, IL"
43,23,16300,12.978260869565217,-0.6847826086956522,-0.22826086956521738,1.141304347826087,1.315217391304348,-0.10869565217391304,-0.8478260869565217,13.847826086956522,3.4565217391304346,0.15217391304347827,0.22826086956521738,0.14492753623188406,0.0,0.010869565217391304,"Cedar Rapids, IA"
44,23,16540,18.03846153846154,-0.4807692307692308,-0.21153846153846154,1.2115384615384615,1.3076923076923077,0.5769230769230769,-0.6730769230769231,13.346153846153847,3.6153846153846154,0.25,0.3269230769230769,0.05128205128205128,0.0,0.019230769230769232,"Chambersburg-Waynesboro, PA"
45,23,16580,16.885714285714286,-0.7428571428571429,-0.17142857142857143,1.2857142857142858,1.4857142857142858,0.0,-0.5142857142857142,12.257142857142858,2.8857142857142857,0.11428571428571428,0.37142857142857144,0.037037037037037035,0.0,0.02857142857142857,"Champaign-Urbana, IL"
46,23,16620,14.990049751243781,-0.31343283582089554,-0.1890547263681592,1.3532338308457712,1.5223880597014925,0.24875621890547264,-0.7761194029850746,10.442786069651742,2.671641791044776,0.31343283582089554,0.373134328358209,0.11585365853658537,0.0,0.0,"Charleston, WV"
47,23,16700,18.290836653386453,-0.6693227091633466,-0.2589641434262948,1.350597609561753,1.5697211155378485,0.6693227091633466,-0.6533864541832669,12.749003984063744,2.7768924302788847,0.16334661354581673,0.350597609561753,0.16346153846153846,0.013888888888888888,0.0,"Charleston-North Charleston, SC"
48,23,16740,17.8414442700157,-0.5180533751962323,-0.32653061224489793,1.3987441130298273,1.5337519623233908,0.6357927786499215,-0.598116169544741,12.580847723704867,2.9183673469387754,0.22919937205651492,0.315541601255887,0.06153846153846154,0.0,0.007849293563579277,"Charlotte-Concord-Gastonia, NC-SC"
49,23,16820,21.060606060606062,-0.696969696969697,-0.6666666666666666,1.2424242424242424,1.2727272727272727,-1.0,-0.5454545454545454,12.545454545454545,2.696969696969697,0.15151515151515152,0.15151515151515152,0.04,0.0,0.0,"Charlottesville, VA"
50,23,16860,13.308943089430894,-0.5609756097560976,0.2845528455284553,1.4227642276422765,1.5853658536585367,1.5528455284552845,-0.7317073170731707,11.8130081300813,2.821138211382114,0.21951219512195122,0.6991869918699187,0.0784313725490196,0.0,0.0,"Chattanooga, TN-GA"
51,23,16980,18.35287846481876,-0.5842217484008528,-0.24946695095948826,1.3800639658848615,1.5069296375266525,0.39125799573560766,-0.6871002132196162,12.836886993603411,3.1844349680170576,0.20042643923240938,0.34754797441364604,0.052805280528052806,0.0006377551020408163,0.013326226012793176,"Chicago-Naperville-Elgin, IL-IN-WI"
52,23,17020,15.76595744680851,-0.5106382978723404,0.3617021276595745,1.5319148936170213,1.6808510638297873,1.3617021276595744,-0.574468085106383,12.914893617021276,2.702127659574468,0.23404255319148937,0.723404255319149,0.0975609756097561,0.0,0.0851063829787234,"Chico, CA"
53,23,17140,17.37272727272727,-0.4393939393939394,-0.2545454545454545,1.4333333333333333,1.5909090909090908,0.6787878787878788,-0.7090909090909091,13.05151515151515,3.0242424242424244,0.2696969696969697,0.3393939393939394,0.05860805860805861,0.0,0.01818181818181818,"Cincinnati, OH-KY-IN"
54,23,17300,16.037974683544302,-0.6708860759493671,0.05063291139240506,0.9493670886075949,1.2911392405063291,0.6835443037974683,-0.7341772151898734,12.443037974683545,2.9240506329113924,0.16455696202531644,0.5189873417721519,0.2,0.08064516129032258,0.0,"Clarksville, TN-KY"
55,23,17420,11.365079365079366,-0.4444444444444444,0.23809523809523808,1.4761904761904763,1.5238095238095237,-1.0,-0.7142857142857143,10.746031746031745,2.9682539682539684,0.25396825396825395,0.6031746031746031,0.05660377358490566,0.0,0.0,"Cleveland, TN"
56,23,17460,14.486935866983373,-0.46080760095011875,-0.1377672209026128,1.5581947743467934,1.66270783847981,0.4750593824228028,-0.6959619952494062,11.819477434679335,2.653206650831354,0.26128266033254155,0.4156769596199525,0.04120879120879121,0.00267379679144385,0.0166270783847981,"Cleveland-Elyria, OH"
57,23,17660,14.210045662100457,-0.4611872146118721,-0.0091324200913242,1.1552511415525115,1.269406392694064,1.1095890410958904,-0.6484018264840182,11.406392694063927,3.0273972602739727,0.2602739726027397,0.4520547945205479,0.08641975308641975,0.006024096385542169,0.0045662100456621,"Coeur d'Alene, ID"
58,23,17780,20.155555555555555,-0.5555555555555556,-0.28888888888888886,1.4666666666666666,1.5333333333333334,0.08888888888888889,-0.8,11.511111111111111,3.1333333333333333,0.2222222222222222,0.3111111111111111,0.0,0.0,0.0,"College Station-Bryan, TX"
59,23,17820,18.67153284671533,-0.656934306569343,0.029197080291970802,1.4014598540145986,1.5693430656934306,-0.24817518248175183,-0.8321167883211679,13.525547445255475,3.0145985401459856,0.1678832116788321,0.5182481751824818,0.11403508771929824,0.01694915254237288,0.0072992700729927005,"Colorado Springs, CO"
60,23,17900,15.149253731343284,-0.5746268656716418,-0.1865671641791045,1.2350746268656716,1.376865671641791,0.664179104477612,-0.7313432835820896,11.638059701492537,3.2238805970149254,0.208955223880597,0.34328358208955223,0.07804878048780488,0.009389671361502348,0.0,"Columbia, SC"
61,23,17980,13.283018867924529,-0.33962264150943394,-0.18867924528301888,1.1320754716981132,1.3773584905660377,-0.22641509433962265,-0.8490566037735849,11.037735849056604,3.2641509433962264,0.32075471698113206,0.3584905660377358,0.02631578947368421,0.06976744186046512,0.018867924528301886,"Columbus, GA-AL"
62,23,18140,16.94,-0.6,-0.3742857142857143,1.2771428571428571,1.4514285714285715,0.6057142857142858,-0.7228571428571429,13.357142857142858,3.177142857142857,0.19714285714285715,0.29428571428571426,0.05904059040590406,0.0,0.022857142857142857,"Columbus, OH"
63,23,18580,15.703703703703704,-0.4444444444444444,-0.14814814814814814,1.0925925925925926,1.5555555555555556,-0.8518518518518519,-0.8518518518518519,11.648148148148149,3.1481481481481484,0.25925925925925924,0.4444444444444444,0.10256410256410256,0.0,0.018518518518518517,"Corpus Christi, TX"
64,23,19100,19.32711525649567,-0.5709526982011992,-0.28847435043304465,1.3057961359093937,1.4203864090606262,0.32378414390406396,-0.6575616255829447,12.453697534976682,3.435709526982012,0.2045303131245836,0.3357761492338441,0.0444064901793339,0.0,0.0033311125916055963,"Dallas-Fort Worth-Arlington, TX"
65,23,19300,18.33112582781457,-0.5827814569536424,-0.1390728476821192,1.2913907284768211,1.3443708609271523,1.490066225165563,-0.7019867549668874,12.788079470198676,3.198675496688742,0.1986754966887417,0.423841059602649,0.042735042735042736,0.0,0.0,"Daphne-Fairhope-Foley, AL"
66,23,19340,7.914285714285715,-0.41904761904761906,0.12380952380952381,1.438095238095238,1.5142857142857142,1.4095238095238096,-0.7714285714285715,11.733333333333333,2.8476190476190477,0.2761904761904762,0.5333333333333333,0.09090909090909091,0.0,0.0,"Davenport-Moline-Rock Island, IA-IL"
67,23,19380,13.768361581920903,-0.536723163841808,-0.15819209039548024,1.3220338983050848,1.5197740112994351,0.9096045197740112,-0.655367231638418,12.01129943502825,3.0,0.21468926553672316,0.4011299435028249,0.0851063829787234,0.006711409395973154,0.02824858757062147,"Dayton, OH"
68,23,19660,13.352941176470589,-0.2529411764705882,-0.17647058823529413,1.5,1.6647058823529413,0.20588235294117646,-0.6411764705882353,12.211764705882352,2.8,0.3588235294117647,0.4,0.10884353741496598,0.0,0.011764705882352941,"Deltona-Daytona Beach-Ormond Beach, FL"
69,23,19740,19.717557251908396,-0.6778625954198473,-0.33893129770992364,1.369465648854962,1.5145038167938931,0.7572519083969466,-0.6091603053435114,13.74351145038168,3.16793893129771,0.15267175572519084,0.3190839694656489,0.08818011257035648,0.0,0.012213740458015267,"Denver-Aurora-Lakewood, CO"
70,23,19780,18.518691588785046,-0.48598130841121495,-0.3644859813084112,1.2710280373831775,1.397196261682243,-0.3411214953271028,-0.6588785046728972,13.350467289719626,3.3551401869158877,0.24299065420560748,0.308411214953271,0.05454545454545454,0.0,0.009345794392523364,"Des Moines-West Des Moines, IA"
71,23,19820,17.12344398340249,-0.4948132780082988,-0.2603734439834025,1.462655601659751,1.5601659751037344,0.21058091286307054,-0.7271784232365145,12.62136929460581,3.2946058091286305,0.24688796680497926,0.3537344398340249,0.058240396530359353,0.001215066828675577,0.007261410788381743,"Detroit-Warren-Dearborn, MI"
72,23,20100,11.008658008658008,-0.48484848484848486,-0.37662337662337664,1.1904761904761905,1.4155844155844155,0.7359307359307359,-0.7272727272727273,12.35930735930736,3.4675324675324677,0.24242424242424243,0.2857142857142857,0.15730337078651685,0.0,0.0,"Dover, DE"
73,23,20500,16.67361111111111,-0.75,-0.09027777777777778,1.4652777777777777,1.5625,0.2569444444444444,-0.7083333333333334,12.04861111111111,2.6666666666666665,0.1111111111111111,0.4513888888888889,0.06611570247933884,0.0,0.0,"Durham-Chapel Hill, NC"
74,23,20700,20.93548387096774,-0.3387096774193548,-0.016129032258064516,1.6612903225806452,1.7096774193548387,1.6451612903225807,-0.43548387096774194,13.274193548387096,2.6451612903225805,0.3064516129032258,0.46774193548387094,0.05357142857142857,0.0,0.11290322580645161,"East Stroudsburg, PA"
75,23,21140,19.25974025974026,-0.2987012987012987,-0.24675324675324675,1.2987012987012987,1.4155844155844155,1.8831168831168832,-0.4155844155844156,11.922077922077921,3.0779220779220777,0.3246753246753247,0.33766233766233766,0.09836065573770492,0.0,0.0,"Elkhart-Goshen, IN"
76,23,21340,12.666666666666666,-0.5892857142857143,-0.05952380952380952,1.2976190476190477,1.5238095238095237,0.2916666666666667,-0.6785714285714286,9.738095238095237,3.0952380952380953,0.18452380952380953,0.4642857142857143,0.07575757575757576,0.014084507042253521,0.017857142857142856,"El Paso, TX"
77,23,21500,14.02,-0.3,-0.14,1.48,1.58,2.94,-0.4,10.16,2.28,0.34,0.46,0.11627906976744186,0.0,0.0,"Erie, PA"
78,23,21660,13.544,-0.624,0.064,1.568,1.656,-0.344,-0.672,12.792,2.872,0.184,0.504,0.08181818181818182,0.009009009009009009,0.008,"Eugene, OR"
79,23,21780,18.10909090909091,-0.4,0.0,1.3454545454545455,1.4,0.4909090909090909,-0.41818181818181815,10.2,2.709090909090909,0.2909090909090909,0.45454545454545453,0.06818181818181818,0.0,0.01818181818181818,"Evansville, IN-KY"
80,23,22020,20.70926517571885,-0.5782747603833865,0.025559105431309903,1.3099041533546325,1.4408945686900958,0.15335463258785942,-0.7284345047923323,12.482428115015974,2.961661341853035,0.19808306709265175,0.4952076677316294,0.0728744939271255,0.00392156862745098,0.006389776357827476,"Fargo, ND-MN"
81,23,22140,10.32,-0.38666666666666666,-0.16,1.1066666666666667,1.28,0.25333333333333335,-0.84,10.666666666666666,3.48,0.29333333333333333,0.41333333333333333,0.12727272727272726,0.0,0.0,"Farmington, NM"
82,23,22180,13.611764705882353,-0.6,0.4117647058823529,1.3529411764705883,1.5411764705882354,-0.27058823529411763,-0.7647058823529411,10.870588235294118,2.7411764705882353,0.2,0.6588235294117647,0.14285714285714285,0.0,0.011764705882352941,"Fayetteville, NC"
83,23,22220,17.976744186046513,-0.5232558139534884,-0.41569767441860467,1.2383720930232558,1.3953488372093024,0.9651162790697675,-0.625,11.488372093023257,3.563953488372093,0.22965116279069767,0.25290697674418605,0.04980842911877394,0.0036363636363636364,0.0,"Fayetteville-Springdale-Rogers, AR-MO"
84,23,22420,15.675,-0.625,-0.041666666666666664,1.0916666666666666,1.225,0.6083333333333333,-0.7666666666666667,12.283333333333333,3.1333333333333333,0.175,0.44166666666666665,0.08139534883720931,0.0,0.041666666666666664,"Flint, MI"
85,23,22500,17.596774193548388,-0.5161290322580645,0.11290322580645161,1.2258064516129032,1.4193548387096775,0.3225806451612903,-0.7580645161290323,11.32258064516129,3.032258064516129,0.22580645161290322,0.5,0.06382978723404255,0.0,0.0,"Florence, SC"
86,23,22520,18.030927835051546,-0.5773195876288659,-0.09278350515463918,1.4639175257731958,1.597938144329897,-0.5773195876288659,-0.7422680412371134,13.371134020618557,3.1443298969072164,0.20618556701030927,0.4536082474226804,0.08536585365853659,0.0,0.020618556701030927,"Florence-Muscle Shoals, AL"
87,23,22660,17.026666666666667,-0.8266666666666667,0.3333333333333333,1.4266666666666667,1.5466666666666666,0.76,-0.5733333333333334,12.32,3.3733333333333335,0.08,0.6666666666666666,0.01639344262295082,0.015625,0.013333333333333334,"Fort Collins, CO"
88,23,22900,13.110091743119266,-0.29357798165137616,-0.3119266055045872,1.238532110091743,1.348623853211009,1.7889908256880733,-0.48623853211009177,10.44954128440367,3.697247706422018,0.3394495412844037,0.30275229357798167,0.060240963855421686,0.023255813953488372,0.009174311926605505,"Fort Smith, AR-OK"
89,23,23060,19.236641221374047,-0.48091603053435117,0.04580152671755725,1.3435114503816794,1.4274809160305344,0.22137404580152673,-0.6793893129770993,12.755725190839694,3.2442748091603053,0.24427480916030533,0.48091603053435117,0.10377358490566038,0.0,0.0,"Fort Wayne, IN"
90,23,23420,15.496644295302014,-0.5906040268456376,0.16778523489932887,1.4966442953020134,1.5771812080536913,-0.2550335570469799,-0.8322147651006712,10.691275167785236,3.174496644295302,0.20134228187919462,0.4161073825503356,0.024,0.0,0.03355704697986577,"Fresno, CA"
91,23,23540,17.389830508474578,-0.559322033898305,-0.4576271186440678,1.4067796610169492,1.6440677966101696,-0.1694915254237288,-0.7288135593220338,14.016949152542374,3.1016949152542375,0.22033898305084745,0.23728813559322035,0.10204081632653061,0.0,0.03389830508474576,"Gainesville, FL"
92,23,23580,20.372881355932204,-0.3559322033898305,-0.6271186440677966,1.5254237288135593,1.6440677966101696,0.423728813559322,-0.5932203389830508,12.203389830508474,3.4745762711864407,0.3220338983050847,0.2033898305084746,0.02,0.0,0.0,"Gainesville, GA"
93,23,24020,10.121951219512194,-0.4146341463414634,0.17073170731707318,1.1951219512195121,1.3414634146341464,0.8780487804878049,-0.7317073170731707,10.463414634146341,2.7560975609756095,0.2682926829268293,0.5853658536585366,0.1875,0.0,0.024390243902439025,"Glen Falls, NY"
94,23,24140,16.112244897959183,-0.42857142857142855,-0.5918367346938775,1.3061224489795917,1.4795918367346939,2.8469387755102042,-0.6326530612244898,10.03061224489796,3.5306122448979593,0.2755102040816326,0.1836734693877551,0.06493506493506493,0.0,0.0,"Goldsboro, NC"
95,23,24340,13.581749049429657,-0.46387832699619774,-0.0038022813688212928,1.361216730038023,1.5095057034220531,1.2623574144486691,-0.6615969581749049,11.67680608365019,3.2129277566539924,0.2585551330798479,0.5095057034220533,0.05687203791469194,0.0,0.0038022813688212928,"Grand Rapids-Wyoming, MI"
96,23,24540,18.31,-0.7,-0.21,0.91,0.98,0.26,-0.63,13.89,4.04,0.15,0.39,0.015625,0.0,0.02,"Greeley, CO"
97,23,24580,21.875,-0.575,0.2125,1.3625,1.4375,1.075,-0.5375,12.9125,2.925,0.2125,0.6125,0.046875,0.0,0.025,"Green Bay, WI"
98,23,24660,18.48780487804878,-0.47560975609756095,0.018292682926829267,1.4573170731707317,1.6158536585365855,1.0914634146341464,-0.6158536585365854,12.439024390243903,2.8292682926829267,0.25,0.5426829268292683,0.14184397163120568,0.0,0.0,"Greensboro-High Point, NC"
99,23,24780,18.6231884057971,-0.7101449275362319,0.10144927536231885,1.1884057971014492,1.2608695652173914,-0.2463768115942029,-0.6086956521739131,11.130434782608695,3.0,0.14492753623188406,0.5507246376811594,0.0392156862745098,0.0,0.0,"Greenville, NC"
100,23,24860,16.65680473372781,-0.5532544378698225,-0.1390532544378698,1.3461538461538463,1.514792899408284,0.665680473372781,-0.7041420118343196,12.085798816568047,2.9881656804733727,0.21301775147928995,0.3994082840236686,0.08455882352941177,0.007042253521126761,0.005917159763313609,"Greenville-Anderson-Mauldin, SC"
101,23,25180,13.548571428571428,-0.25142857142857145,-0.2057142857142857,1.217142857142857,1.4,0.05142857142857143,-0.7657142857142857,11.925714285714285,3.5942857142857143,0.35428571428571426,0.3485714285714286,0.1044776119402985,0.0,0.005714285714285714,"Hagerstown-Martinsburg, MD-WV"
102,23,25260,13.579710144927537,-0.6666666666666666,-0.15942028985507245,1.0869565217391304,1.2608695652173914,0.782608695652174,-0.7391304347826086,11.72463768115942,3.898550724637681,0.15942028985507245,0.34782608695652173,0.0,0.0,0.0,"Hanford-Corcoran, CA"
103,23,25420,14.151785714285714,-0.16964285714285715,-0.4642857142857143,1.4821428571428572,1.5982142857142858,0.15178571428571427,-0.6339285714285714,10.919642857142858,2.625,0.4107142857142857,0.23214285714285715,0.10416666666666667,0.0,0.008928571428571428,"Harrisburg-Carlisle, PA"
104,23,25540,17.478510028653297,-0.47564469914040114,-0.10028653295128939,1.4297994269340975,1.5787965616045845,-0.09742120343839542,-0.7478510028653295,12.939828080229226,3.0343839541547277,0.24641833810888253,0.44126074498567336,0.0657439446366782,0.0,0.022922636103151862,"Hartford-West Hartford-East Hartford, CT"
105,23,25860,17.848484848484848,0.07575757575757576,-0.6666666666666666,1.4545454545454546,1.5909090909090908,3.3484848484848486,-0.5454545454545454,10.878787878787879,2.6363636363636362,0.48484848484848486,0.12121212121212122,0.05454545454545454,0.0,0.0,"Hickory-Morganton-Lenoir, NC"
106,23,25940,17.666666666666668,-0.48333333333333334,-0.48333333333333334,1.2666666666666666,1.6166666666666667,-1.0,-1.0,12.8,2.6,0.25,0.25,0.16666666666666666,0.03773584905660377,0.0,"Hilton Head Island-Bluffton-Beaufort, SC"
107,23,26420,17.6996996996997,-0.5960960960960962,-0.2777777777777778,1.3010510510510511,1.4159159159159158,0.08033033033033032,-0.6779279279279279,11.626126126126126,3.4279279279279278,0.18993993993993993,0.3483483483483483,0.03864734299516908,0.0009319664492078285,0.006756756756756757,"Houston-Baytown-Sugar Land, TX"
108,23,26580,13.524663677130045,-0.29596412556053814,-0.27802690582959644,1.4708520179372198,1.6322869955156951,1.4439461883408071,-0.6502242152466368,11.340807174887892,3.0358744394618835,0.33183856502242154,0.336322869955157,0.06914893617021277,0.00510204081632653,0.013452914798206279,"Huntington-Ashland, WV-KY-OH"
109,23,26620,16.264705882352942,-0.5462184873949579,-0.04201680672268908,1.3109243697478992,1.5336134453781514,1.3109243697478992,-0.6176470588235294,13.218487394957982,3.4201680672268906,0.22268907563025211,0.4369747899159664,0.10526315789473684,0.0,0.008403361344537815,"Huntsville, AL"
110,23,26820,14.053191489361701,-0.6170212765957447,0.0851063829787234,1.1914893617021276,1.3617021276595744,1.0319148936170213,-0.7021276595744681,11.936170212765957,3.2127659574468086,0.18085106382978725,0.48936170212765956,0.09859154929577464,0.0,0.02127659574468085,"Idaho Falls, ID"
111,23,26900,15.602649006622517,-0.45916114790286977,-0.2582781456953642,1.3973509933774835,1.5562913907284768,0.2251655629139073,-0.7152317880794702,12.454746136865342,2.9690949227373067,0.2560706401766004,0.3576158940397351,0.0962566844919786,0.0,0.0,"Indianapolis-Carmel-Anderson, IN"
112,23,26980,19.5,-0.7884615384615384,-0.5,1.1346153846153846,1.25,-0.21153846153846154,-0.7692307692307693,12.307692307692308,3.1923076923076925,0.09615384615384616,0.23076923076923078,0.07894736842105263,0.0,0.0,"Iowa City, IA"
113,23,27100,10.547619047619047,-0.40476190476190477,0.07142857142857142,1.2380952380952381,1.4047619047619047,0.9523809523809523,-0.7142857142857143,12.0,2.619047619047619,0.2857142857142857,0.4523809523809524,0.0625,0.029411764705882353,0.0,"Jackson, MI"
114,23,27140,14.940251572327044,-0.5880503144654088,-0.18238993710691823,1.2672955974842768,1.4056603773584906,0.21069182389937108,-0.7295597484276729,11.540880503144654,3.0628930817610063,0.1949685534591195,0.36477987421383645,0.045081967213114756,0.0,0.012578616352201259,"Jackson, MS"
115,23,27260,14.65979381443299,-0.570446735395189,-0.14776632302405499,1.3161512027491409,1.4879725085910653,-0.013745704467353952,-0.7285223367697594,11.958762886597938,2.8969072164948453,0.20618556701030927,0.3848797250859107,0.11965811965811966,0.008264462809917356,0.006872852233676976,"Jacksonville, FL"
116,23,27340,14.831683168316832,-0.3564356435643564,0.10891089108910891,0.9603960396039604,1.2475247524752475,1.306930693069307,-0.6732673267326733,11.653465346534654,3.4554455445544554,0.297029702970297,0.5346534653465347,0.17142857142857143,0.05194805194805195,0.0,"Jacksonville, NC"
117,23,27500,16.90909090909091,-0.13636363636363635,-0.5681818181818182,1.5,1.5227272727272727,-0.06818181818181818,-0.9545454545454546,10.954545454545455,2.5454545454545454,0.4318181818181818,0.20454545454545456,0.02702702702702703,0.0,0.022727272727272728,"Janesville-Beloit, WI"
118,23,27740,15.902173913043478,-0.6739130434782609,-0.16304347826086957,1.5978260869565217,1.7065217391304348,0.0,-0.8695652173913043,12.282608695652174,2.5434782608695654,0.15217391304347827,0.40217391304347827,0.08536585365853659,0.0,0.0,"Johnson City, TN"
119,23,27780,13.884615384615385,-0.3076923076923077,-0.19230769230769232,1.3076923076923077,1.3076923076923077,0.5769230769230769,-0.5384615384615384,10.692307692307692,3.5384615384615383,0.34615384615384615,0.4230769230769231,0.0,0.0,0.0,"Johnstown, PA"
120,23,27980,18.355263157894736,-0.4342105263157895,-0.09210526315789473,1.375,1.5723684210526316,1.0657894736842106,-0.7171052631578947,12.763157894736842,3.1315789473684212,0.26973684210526316,0.4342105263157895,0.06504065040650407,0.015267175572519083,0.03289473684210526,"Kahului-Wailuku-Lahaina, HI"
121,23,28020,20.08450704225352,-0.5915492957746479,-0.028169014084507043,1.3098591549295775,1.408450704225352,1.0845070422535212,-0.704225352112676,12.577464788732394,3.1690140845070425,0.19718309859154928,0.43661971830985913,0.07142857142857142,0.0,0.0,"Kalamazoo-Portage, MI"
122,23,28140,17.11320754716981,-0.5864779874213837,-0.1320754716981132,1.2468553459119496,1.3726415094339623,0.10377358490566038,-0.6289308176100629,13.150943396226415,3.3238993710691824,0.19654088050314467,0.39308176100628933,0.07172131147540983,0.0,0.015723270440251572,"Kansas City, MO-KS"
123,23,28420,17.188034188034187,-0.3162393162393162,-0.29914529914529914,1.5042735042735043,1.641025641025641,2.4444444444444446,-0.6837606837606838,12.726495726495726,3.700854700854701,0.3162393162393162,0.3247863247863248,0.07,0.0,0.017094017094017096,"Kennewick-Richland, WA"
124,23,28660,20.169014084507044,-0.28169014084507044,0.23943661971830985,1.2394366197183098,1.5211267605633803,0.7323943661971831,-0.8732394366197183,12.028169014084508,2.7746478873239435,0.3380281690140845,0.647887323943662,0.21052631578947367,0.016666666666666666,0.0,"Killeen-Temple-Fort Hood, TX"
125,23,28700,17.82882882882883,-0.2882882882882883,-0.1891891891891892,1.3963963963963963,1.5675675675675675,-0.6306306306306306,-0.5945945945945946,11.414414414414415,3.108108108108108,0.32432432432432434,0.43243243243243246,0.044444444444444446,0.0,0.0,"Kingsport-Bristol, TN-VA"
126,23,28940,18.63137254901961,-0.5137254901960784,-0.23137254901960785,1.4039215686274509,1.5254901960784313,0.3215686274509804,-0.7058823529411765,12.647058823529411,2.9215686274509802,0.23137254901960785,0.3607843137254902,0.08095238095238096,0.004651162790697674,0.023529411764705882,"Knoxville, TN"
127,23,29180,14.033962264150944,-0.44150943396226416,-0.03773584905660377,1.430188679245283,1.5169811320754718,0.09433962264150944,-0.7283018867924528,11.037735849056604,2.818867924528302,0.2679245283018868,0.4867924528301887,0.045871559633027525,0.008968609865470852,0.0,"Lafayette, LA"
128,23,29200,20.09433962264151,-0.3018867924528302,-0.4339622641509434,1.5849056603773586,1.7169811320754718,0.5471698113207547,-0.7924528301886793,11.471698113207546,2.509433962264151,0.33962264150943394,0.22641509433962265,0.021739130434782608,0.0,0.018867924528301886,"Lafayette-West Lafayette, IN"
129,23,29340,11.546296296296296,-0.5370370370370371,-0.17592592592592593,0.9166666666666666,1.0833333333333333,1.3240740740740742,-0.7314814814814815,11.75925925925926,4.0,0.2222222222222222,0.39814814814814814,0.08450704225352113,0.0,0.009259259259259259,"Lake Charles, LA"
130,23,29460,16.327272727272728,-0.503030303030303,-0.07878787878787878,1.1272727272727272,1.4181818181818182,-1.0,-0.8484848484848485,13.012121212121212,3.824242424242424,0.23636363636363636,0.4727272727272727,0.12295081967213115,0.0,0.012121212121212121,"Lakeland-Winter Haven, FL"
131,23,29540,16.779816513761467,-0.6146788990825688,-0.4036697247706422,1.4495412844036697,1.5321100917431192,0.6238532110091743,-0.6422018348623854,12.36697247706422,2.779816513761468,0.1651376146788991,0.1559633027522936,0.09782608695652174,0.0,0.0,"Lancaster, PA"
132,23,29620,17.223684210526315,-0.34210526315789475,-0.10526315789473684,1.644736842105263,1.7236842105263157,1.1973684210526316,-0.7631578947368421,11.460526315789474,2.210526315789474,0.3157894736842105,0.42105263157894735,0.08695652173913043,0.0,0.0,"Lansing-East Lansing, MI"
133,23,29700,21.846153846153847,-0.41025641025641024,-0.46153846153846156,1.6666666666666667,1.7692307692307692,0.05128205128205128,-0.5384615384615384,8.820512820512821,2.8974358974358974,0.2564102564102564,0.28205128205128205,0.02857142857142857,0.0,0.0,"Laredo, TX"
134,23,29740,13.5561797752809,-0.6235955056179775,-0.056179775280898875,1.2359550561797752,1.3932584269662922,0.12359550561797752,-0.6797752808988764,10.623595505617978,3.247191011235955,0.17415730337078653,0.4606741573033708,0.0948905109489051,0.0,0.0,"Las Cruces, NM"
135,23,29820,16.875275938189844,-0.5022075055187638,-0.08278145695364239,1.3178807947019868,1.4701986754966887,1.0375275938189845,-0.7163355408388521,12.55849889624724,3.3995584988962473,0.23730684326710816,0.4227373068432671,0.0670391061452514,0.008021390374331552,0.011037527593818985,"Las Vegas-Henderson-Paradise, NV"
136,23,30340,15.49367088607595,-0.3670886075949367,-0.379746835443038,1.3924050632911393,1.620253164556962,1.0759493670886076,-0.7341772151898734,11.670886075949367,2.7974683544303796,0.3037974683544304,0.26582278481012656,0.09230769230769231,0.0,0.0,"Lewiston-Auburn, ME"
137,23,30460,16.901785714285715,-0.75,-0.16071428571428573,1.2767857142857142,1.3571428571428572,0.7142857142857143,-0.5982142857142857,11.473214285714286,3.2142857142857144,0.11607142857142858,0.39285714285714285,0.03488372093023256,0.0,0.0,"Lexington-Fayette, KY"
138,23,30780,16.693617021276594,-0.474468085106383,-0.20425531914893616,1.3148936170212766,1.4808510638297872,0.4127659574468085,-0.7170212765957447,12.0,2.9957446808510637,0.2531914893617021,0.3702127659574468,0.10638297872340426,0.002570694087403599,0.010638297872340425,"Little Rock-North Little Rock, AR"
139,23,30980,15.761904761904763,-0.34523809523809523,-0.07142857142857142,1.3571428571428572,1.5,0.5833333333333334,-0.6071428571428571,11.69047619047619,3.7857142857142856,0.2976190476190476,0.4523809523809524,0.04477611940298507,0.0,0.0,"Longview, TX"
140,23,31080,18.132082280765065,-0.5784915193071093,-0.26560808372428724,1.5189462287982678,1.6055575604474919,0.17971851317214002,-0.6708769397329484,12.397690364489353,3.5160591844099605,0.207145434861061,0.3590761457957416,0.031050616758826033,0.0004154549231408392,0.01623962468422952,"Los Angeles-Long Beach-Anaheim, CA (Note the CBSA code change between 2003 and 2013)"
141,23,31140,17.477777777777778,-0.4305555555555556,-0.011111111111111112,1.3888888888888888,1.5166666666666666,0.6944444444444444,-0.6583333333333333,12.441666666666666,3.061111111111111,0.26944444444444443,0.4722222222222222,0.11409395973154363,0.0,0.025,"Louisville/Jefferson, KY-IN"
142,23,31180,17.623529411764707,-0.5294117647058824,-0.25882352941176473,1.011764705882353,1.1529411764705881,0.43529411764705883,-0.6470588235294118,11.094117647058823,3.6588235294117646,0.2235294117647059,0.4117647058823529,0.0,0.0,0.0,"Lubbock, TX"
143,23,31420,18.3125,-0.625,-0.46875,1.09375,1.34375,-1.0,-0.71875,11.59375,2.3125,0.1875,0.21875,0.08695652173913043,0.0,0.0,"Macon, GA"
144,23,31540,19.47159090909091,-0.6931818181818182,-0.11931818181818182,1.4829545454545454,1.6363636363636365,0.10227272727272728,-0.6420454545454546,13.897727272727273,2.7613636363636362,0.1534090909090909,0.44886363636363635,0.06711409395973154,0.0064516129032258064,0.017045454545454544,"Madison, WI"
145,23,31700,17.69688385269122,-0.49575070821529743,-0.32011331444759206,1.388101983002833,1.5552407932011332,1.2861189801699717,-0.5750708215297451,13.05099150141643,2.8640226628895182,0.23512747875354106,0.2776203966005666,0.07291666666666667,0.0033222591362126247,0.0084985835694051,"Manchester-Nashua, NH"
146,23,32580,14.225,-0.53125,-0.54375,1.43125,1.49375,-0.38125,-0.8875,9.09375,3.9,0.225,0.19375,0.007692307692307693,0.0,0.0,"McAllen-Edinburg-Mission, TX"
147,23,32780,13.625,-0.5714285714285714,0.15178571428571427,1.3392857142857142,1.5446428571428572,1.4732142857142858,-0.6428571428571429,12.5,3.125,0.20535714285714285,0.5446428571428571,0.1827956989247312,0.0,0.017857142857142856,"Medford, OR"
148,23,32820,14.873015873015873,-0.47619047619047616,-0.2857142857142857,1.2248677248677249,1.4074074074074074,0.20634920634920634,-0.716931216931217,12.002645502645503,3.3386243386243386,0.25396825396825395,0.3386243386243386,0.10996563573883161,0.006578947368421052,0.0026455026455026454,"Memphis, TN-MS-AR"
149,23,33100,18.36672325976231,-0.49490662139219016,-0.31833616298811546,1.4847198641765704,1.5713073005093379,-0.15195246179966043,-0.6952461799660441,11.843803056027165,2.9915110356536503,0.2461799660441426,0.32852292020373514,0.04044489383215369,0.0009900990099009901,0.005942275042444821,"Miami-Fort Lauderdale-West Palm Beach, FL"
150,23,33340,17.784023668639055,-0.47337278106508873,-0.09763313609467456,1.393491124260355,1.5,0.15680473372781065,-0.7514792899408284,12.511834319526628,2.863905325443787,0.257396449704142,0.4230769230769231,0.05818181818181818,0.0035460992907801418,0.008875739644970414,"Milwaukee-Waukesha-West Allis, WI"
151,23,33460,19.435689455388182,-0.59675550405562,-0.24333719582850522,1.2757821552723059,1.418308227114716,0.727694090382387,-0.6280417149478563,13.498261877172654,3.1738122827346467,0.19466975666280417,0.35805330243337197,0.059880239520958084,0.005738880918220947,0.01738122827346466,"Minneapolis-St Paul-Bloomington, MN-WI"
152,23,33660,13.305699481865284,-0.3316062176165803,-0.23834196891191708,1.4248704663212435,1.5336787564766838,0.33678756476683935,-0.6994818652849741,10.901554404145077,2.906735751295337,0.32642487046632124,0.36787564766839376,0.075,0.0,0.010362694300518135,"Mobile, AL"
153,23,33700,14.44927536231884,-0.5,-0.13043478260869565,1.2318840579710144,1.391304347826087,0.6376811594202898,-0.7898550724637681,12.891304347826088,3.8115942028985508,0.2463768115942029,0.43478260869565216,0.038461538461538464,0.0,0.028985507246376812,"Modesto, CA"
154,23,33740,15.414414414414415,-0.5135135135135135,0.22522522522522523,1.09009009009009,1.3963963963963963,0.6666666666666666,-0.6756756756756757,10.612612612612613,3.4144144144144146,0.22522522522522523,0.5945945945945946,0.1,0.011235955056179775,0.0,"Monroe, LA"
155,23,33780,15.487179487179487,-0.48717948717948717,0.2948717948717949,1.3846153846153846,1.5384615384615385,-0.47435897435897434,-0.7564102564102564,12.256410256410257,3.0,0.2564102564102564,0.6282051282051282,0.047619047619047616,0.0,0.02564102564102564,"Monroe, MI"
156,23,33860,16.312101910828027,-0.6624203821656051,-0.2802547770700637,1.2229299363057324,1.4267515923566878,0.5732484076433121,-0.6751592356687898,12.477707006369426,2.910828025477707,0.1592356687898089,0.3630573248407643,0.09166666666666666,0.0,0.0,"Montgomery, AL"
157,23,34060,17.695121951219512,-0.42073170731707316,-0.10975609756097561,1.3048780487804879,1.5,-0.5975609756097561,-0.7317073170731707,12.292682926829269,3.268292682926829,0.27439024390243905,0.43902439024390244,0.06976744186046512,0.0072992700729927005,0.006097560975609756,"Morgantown, WV"
158,23,34580,13.182795698924732,-0.3978494623655914,0.021505376344086023,1.4408602150537635,1.6129032258064515,0.5376344086021505,-0.8387096774193549,12.78494623655914,3.129032258064516,0.26881720430107525,0.4838709677419355,0.12658227848101267,0.0,0.03225806451612903,"Mount Vernon-Anacortes, WA"
159,23,34740,13.272727272727273,-0.6181818181818182,0.2727272727272727,1.2545454545454546,1.4,-0.2545454545454545,-0.9090909090909091,11.418181818181818,2.8545454545454545,0.18181818181818182,0.5454545454545454,0.11627906976744186,0.0,0.01818181818181818,"Muskegon, MI"
160,23,34820,12.264900662251655,-0.45695364238410596,-0.152317880794702,1.3509933774834437,1.4834437086092715,-0.7284768211920529,-0.8013245033112583,11.410596026490067,2.76158940397351,0.271523178807947,0.423841059602649,0.11382113821138211,0.0,0.0,"Myrtle Beach-Conway-North Myrtle Beach, SC-NC"
161,23,34940,17.577464788732396,-0.7464788732394366,-0.4788732394366197,1.5633802816901408,1.704225352112676,-0.29577464788732394,-0.5352112676056338,13.76056338028169,2.408450704225352,0.1267605633802817,0.23943661971830985,0.1111111111111111,0.0,0.0,"Naples-Immokalee-Marco Island, FL"
162,23,34980,19.541501976284586,-0.6383399209486166,-0.25889328063241107,1.290513833992095,1.4051383399209487,-0.11462450592885376,-0.6758893280632411,13.411067193675889,3.110671936758893,0.17193675889328064,0.35375494071146246,0.05089058524173028,0.0024630541871921183,0.007905138339920948,"Nashville-Davidson-Murfreesboro, TN"
163,23,35300,17.935114503816795,-0.6335877862595419,-0.2366412213740458,1.4045801526717556,1.5725190839694656,-0.44274809160305345,-0.7862595419847328,13.396946564885496,3.236641221374046,0.17557251908396945,0.366412213740458,0.04225352112676056,0.0044444444444444444,0.003816793893129771,"New Haven-Milford, CT"
164,23,35380,17.282700421940927,-0.5358649789029536,-0.1540084388185654,1.518987341772152,1.630801687763713,-0.2721518987341772,-0.7172995780590717,11.683544303797468,2.717299578059072,0.22573839662447256,0.4240506329113924,0.059113300492610835,0.002403846153846154,0.002109704641350211,"New Orleans-Metairie, LA"
165,23,35620,17.655622228019826,-0.5356117923297679,-0.41325332637620665,1.4046438820767024,1.516044873467258,-0.05843986433602922,-0.7145838768588573,12.775110879206888,3.3871641012261935,0.2261935820506131,0.2762848943386381,0.03728704596592736,0.00031104199066874026,0.019827811114009913,"New York-Newark- Jersey City, NY-NJ-PA (White Plains central city recoded to balance of metropolitan)"
166,23,35660,22.766666666666666,-0.5833333333333334,0.26666666666666666,1.4666666666666666,1.5,0.55,-0.6,12.816666666666666,2.9,0.18333333333333332,0.6333333333333333,0.04,0.0,0.0,"Niles-Benton Harbor, MI"
167,23,35840,13.435483870967742,-0.489247311827957,0.043010752688172046,1.7580645161290323,1.8709677419354838,0.5806451612903226,-0.5645161290322581,12.844086021505376,2.4408602150537635,0.25268817204301075,0.5053763440860215,0.06857142857142857,0.0,0.0,"North-Port-Sarasota-Bradenton, FL"
168,23,35980,13.406593406593407,-0.4725274725274725,-0.2967032967032967,1.10989010989011,1.2967032967032968,0.17582417582417584,-0.7032967032967034,13.659340659340659,3.5274725274725274,0.25274725274725274,0.3516483516483517,0.09090909090909091,0.056338028169014086,0.03296703296703297,"Norwich-New London, CT"
169,23,36100,15.018518518518519,-0.14814814814814814,0.35185185185185186,1.5555555555555556,1.6666666666666667,-0.24074074074074073,-0.7777777777777778,11.166666666666666,3.3333333333333335,0.4074074074074074,0.6481481481481481,0.125,0.0,0.0,"Ocala, FL"
170,23,36220,26.676470588235293,-0.17647058823529413,-0.4117647058823529,1.5294117647058822,1.5588235294117647,-1.0,-0.6764705882352942,12.882352941176471,3.1176470588235294,0.4117647058823529,0.23529411764705882,0.034482758620689655,0.0,0.029411764705882353,"Odessa, TX"
171,23,36260,18.034782608695654,-0.5369565217391304,-0.22391304347826088,1.0543478260869565,1.2239130434782608,1.0391304347826087,-0.6891304347826087,13.445652173913043,3.7782608695652176,0.21956521739130436,0.358695652173913,0.06521739130434782,0.008771929824561403,0.008695652173913044,"Ogden-Clearfield, UT"
172,23,36420,16.32460732984293,-0.5148342059336823,-0.07504363001745201,1.2652705061082024,1.4136125654450262,0.15706806282722513,-0.7452006980802792,12.155322862129145,3.1116928446771377,0.2338568935427574,0.4572425828970332,0.09619686800894854,0.0,0.017452006980802792,"Oklahoma City, OK"
173,23,36540,16.580034423407916,-0.621342512908778,-0.1359724612736661,1.216867469879518,1.387263339070568,0.6746987951807228,-0.6798623063683304,12.542168674698795,3.2306368330464714,0.17728055077452667,0.4165232358003442,0.09255079006772009,0.010775862068965518,0.0051635111876075735,"Omaha-Council Bluffs, NE-IA"
174,23,36740,18.14967105263158,-0.5345394736842105,-0.14144736842105263,1.425986842105263,1.5394736842105263,0.2680921052631579,-0.6430921052631579,12.324013157894736,3.2401315789473686,0.22532894736842105,0.41118421052631576,0.061752988047808766,0.001941747572815534,0.003289473684210526,"Orlando-Kissimmee-Sanford, FL"
175,23,36780,17.56,0.04,-0.12,1.6,1.76,2.28,-0.64,11.36,2.04,0.48,0.4,0.17391304347826086,0.0,0.0,"Oshkosh-Neenah, WI"
176,23,37100,16.423645320197043,-0.6748768472906403,-0.2413793103448276,1.2660098522167487,1.3793103448275863,-0.2019704433497537,-0.8669950738916257,12.556650246305418,3.6798029556650245,0.15763546798029557,0.37438423645320196,0.03225806451612903,0.0,0.014778325123152709,"Oxnard-Thousand Oaks-Ventura, CA"
177,23,37340,16.72519083969466,-0.44274809160305345,0.33587786259541985,1.5954198473282444,1.7786259541984732,0.48854961832061067,-0.7633587786259542,11.84732824427481,2.435114503816794,0.26717557251908397,0.648854961832061,0.14285714285714285,0.01639344262295082,0.015267175572519083,"Palm Bay-Melbourne-Titusville, FL"
178,23,37460,18.0,-0.5662650602409639,-0.060240963855421686,1.1566265060240963,1.3734939759036144,0.4819277108433735,-0.8554216867469879,11.771084337349398,2.9036144578313254,0.20481927710843373,0.4819277108433735,0.15873015873015872,0.015151515151515152,0.0,"Panama City, FL"
179,23,37860,17.302083333333332,-0.3958333333333333,-0.03125,1.1770833333333333,1.46875,0.5104166666666666,-0.6875,11.947916666666666,2.7291666666666665,0.28125,0.4270833333333333,0.21333333333333335,0.07407407407407407,0.0,"Pensacola-Ferry Pass-Brent, FL"
180,23,37900,18.11111111111111,-0.6767676767676768,0.10101010101010101,1.1111111111111112,1.303030303030303,-0.37373737373737376,-0.6767676767676768,13.202020202020202,3.505050505050505,0.16161616161616163,0.5353535353535354,0.056338028169014086,0.0,0.010101010101010102,"Peoria, IL"
181,23,37980,18.077848101265822,-0.5936708860759494,-0.3613924050632911,1.3329113924050633,1.4715189873417722,0.20126582278481012,-0.6626582278481012,12.869620253164557,3.2151898734177213,0.19873417721518988,0.2917721518987342,0.05826017557861133,0.0007680491551459293,0.012025316455696202,"Philadelphia-Camden-Wilmington, PA-NJ-DE"
182,23,38060,18.87136150234742,-0.5464788732394367,-0.1539906103286385,1.4103286384976526,1.5502347417840376,0.6262910798122066,-0.6516431924882629,12.80281690140845,3.24037558685446,0.21690140845070421,0.39342723004694835,0.07630979498861047,0.005512679162072767,0.003755868544600939,"Phoenix-Mesa-Scottsdale, AZ"
183,23,38220,14.877906976744185,-0.2441860465116279,-0.313953488372093,1.5406976744186047,1.680232558139535,0.6686046511627907,-0.7383720930232558,11.616279069767442,2.5348837209302326,0.3488372093023256,0.313953488372093,0.08666666666666667,0.006493506493506494,0.0,"Pine Bluff, AR"
184,23,38300,18.616071428571427,-0.44821428571428573,-0.19107142857142856,1.4678571428571427,1.5875,0.6785714285714286,-0.7303571428571428,12.692857142857143,3.0035714285714286,0.26607142857142857,0.39464285714285713,0.08438818565400844,0.0,0.019642857142857142,"Pittsburgh, PA"
185,23,38860,15.562666666666667,-0.5413333333333333,-0.208,1.4133333333333333,1.5173333333333334,0.3626666666666667,-0.712,13.237333333333334,2.8453333333333335,0.22133333333333333,0.376,0.08064516129032258,0.0031746031746031746,0.008,"Portland-South Portland, ME"
186,23,38900,17.627450980392158,-0.6378316032295271,0.0,1.3713956170703576,1.491349480968858,0.6113033448673587,-0.6793540945790081,13.229527104959631,3.2491349480968856,0.17416378316032297,0.4994232987312572,0.054441260744985676,0.0,0.02191464821222607,"Portland-Vancouver-Hillsboro, OR-WA"
187,23,38940,17.560606060606062,-0.6060606060606061,0.07575757575757576,1.4848484848484849,1.6590909090909092,-0.06818181818181818,-0.7727272727272727,12.878787878787879,2.8181818181818183,0.19696969696969696,0.5,0.09734513274336283,0.0,0.0,"Port St. Lucie-Fort Pierce, FL"
188,23,39140,14.819277108433734,-0.5783132530120482,-0.03614457831325301,1.3855421686746987,1.4939759036144578,-1.0,-0.5421686746987951,11.771084337349398,3.144578313253012,0.1927710843373494,0.40963855421686746,0.13043478260869565,0.0,0.012048192771084338,"Prescott, AZ"
189,23,39300,17.031527093596058,-0.5674876847290641,-0.2,1.4492610837438424,1.5832512315270937,0.32807881773399017,-0.7192118226600985,12.812807881773399,3.025615763546798,0.20788177339901479,0.3665024630541872,0.07873090481786134,0.0034285714285714284,0.014778325123152709,"Providence-Warwick, RI-MA"
190,23,39340,15.627397260273973,-0.6904109589041096,-0.26575342465753427,0.9315068493150684,1.0876712328767124,-0.06301369863013699,-0.7315068493150685,13.58904109589041,4.594520547945206,0.15342465753424658,0.3452054794520548,0.037815126050420166,0.0,0.0027397260273972603,"Provo-Orem, UT"
191,23,39540,16.69090909090909,-0.509090909090909,-0.36363636363636365,1.309090909090909,1.3454545454545455,-0.6181818181818182,-0.509090909090909,11.672727272727272,2.9272727272727272,0.23636363636363636,0.34545454545454546,0.046511627906976744,0.0,0.0,"Racine, WI"
192,23,39580,15.260651629072681,-0.6842105263157895,-0.3333333333333333,1.3483709273182958,1.4360902255639099,1.0902255639097744,-0.6541353383458647,12.864661654135338,3.2406015037593985,0.15789473684210525,0.3258145363408521,0.071875,0.0,0.015037593984962405,"Raleigh, NC"
193,23,39740,12.963414634146341,-0.2926829268292683,-0.5487804878048781,1.2317073170731707,1.4878048780487805,0.5,-0.8170731707317073,11.768292682926829,3.341463414634146,0.32926829268292684,0.2073170731707317,0.09523809523809523,0.0,0.0,"Reading, PA"
194,23,39820,11.425531914893616,-0.7659574468085106,0.6382978723404256,1.6595744680851063,1.872340425531915,-1.0,-0.9361702127659575,12.127659574468085,1.8936170212765957,0.10638297872340426,0.8297872340425532,0.1590909090909091,0.0,0.0,"Redding, CA"
195,23,40060,18.41044776119403,-0.5410447761194029,-0.6417910447761194,1.3432835820895523,1.492537313432836,0.014925373134328358,-0.6044776119402985,13.145522388059701,2.8955223880597014,0.22388059701492538,0.14925373134328357,0.07906976744186046,0.004484304932735426,0.007462686567164179,"Richmond, VA"
196,23,40140,15.702920443101712,-0.4340382678751259,-0.11278952668680765,1.309164149043303,1.4491440080563949,1.0453172205438066,-0.7059415911379657,12.640483383685801,3.9345417925478348,0.2799597180261833,0.4259818731117825,0.05648267008985879,0.0049261083743842365,0.026183282980866064,"Riverside-San Bernardino-Ontario, CA"
197,23,40220,21.94736842105263,-0.38596491228070173,-0.6140350877192983,1.3333333333333333,1.4736842105263157,5.017543859649122,-0.3508771929824561,11.68421052631579,3.5964912280701755,0.2982456140350877,0.17543859649122806,0.044444444444444446,0.0,0.03508771929824561,"Roanoke, VA"
198,23,40380,20.554054054054053,-0.5900900900900901,-0.13063063063063063,1.3873873873873874,1.5135135135135136,0.46396396396396394,-0.5765765765765766,12.99099099099099,3.108108108108108,0.19369369369369369,0.4369369369369369,0.02247191011235955,0.0,0.02252252252252252,"Rochester, NY"
199,23,40420,12.6,-0.325,-0.425,1.0,1.25,-1.0,-1.0,10.25,3.25,0.3,0.275,0.037037037037037035,0.0,0.0,"Rockford, IL"
200,23,40900,14.725571725571726,-0.7006237006237006,0.05197505197505198,1.316008316008316,1.4802494802494803,0.07276507276507277,-0.6964656964656964,13.363825363825363,3.449064449064449,0.14553014553014554,0.4656964656964657,0.09138381201044386,0.002512562814070352,0.02079002079002079,"Sacramento--Arden-Arcade-Roseville, CA"
201,23,40980,15.35897435897436,-0.5128205128205128,0.02564102564102564,1.435897435897436,1.6153846153846154,0.05128205128205128,-0.9230769230769231,13.025641025641026,2.948717948717949,0.23076923076923078,0.5128205128205128,0.12121212121212122,0.0,0.0,"Saginaw, MI"
202,23,41100,13.026315789473685,-0.6578947368421053,0.2236842105263158,1.5,1.644736842105263,-1.0,-0.881578947368421,13.302631578947368,2.9210526315789473,0.17105263157894737,0.5921052631578947,0.12121212121212122,0.0,0.0,"St. George, UT"
203,23,41180,16.11111111111111,-0.5471167369901547,-0.189873417721519,1.230661040787623,1.379746835443038,1.1111111111111112,-0.6385372714486639,12.457102672292546,3.050632911392405,0.21518987341772153,0.4050632911392405,0.08455882352941177,0.0,0.014064697609001406,"St. Louis, MO-IL"
204,23,41420,15.236842105263158,-0.6776315789473685,0.10526315789473684,1.256578947368421,1.388157894736842,-0.5131578947368421,-0.6973684210526315,12.322368421052632,3.3289473684210527,0.15789473684210525,0.5263157894736842,0.11764705882352941,0.0,0.013157894736842105,"Salem, OR"
205,23,41500,15.484848484848484,-0.5303030303030303,-0.06060606060606061,1.378787878787879,1.621212121212121,0.3939393939393939,-0.7575757575757576,12.045454545454545,3.121212121212121,0.22727272727272727,0.5151515151515151,0.03773584905660377,0.017241379310344827,0.030303030303030304,"Salinas, CA"
206,23,41540,11.295454545454545,-0.4375,-0.06818181818181818,1.5085227272727273,1.6448863636363635,-0.34375,-0.7528409090909091,12.900568181818182,2.8068181818181817,0.26988636363636365,0.42613636363636365,0.09539473684210527,0.006430868167202572,0.008522727272727272,"Salisbury, MD-DE"
207,23,41620,18.595940959409592,-0.559040590405904,-0.26014760147601473,1.2896678966789668,1.4261992619926198,1.511070110701107,-0.5885608856088561,12.977859778597786,3.4797047970479706,0.2158671586715867,0.33025830258302585,0.04523809523809524,0.004555808656036446,0.0036900369003690036,"Salt Lake City, UT"
208,23,41700,15.868029739776953,-0.6282527881040892,-0.137546468401487,1.1988847583643123,1.3828996282527881,0.45539033457249073,-0.6821561338289963,12.823420074349443,3.353159851301115,0.17843866171003717,0.4200743494423792,0.12864077669902912,0.011655011655011656,0.0055762081784386614,"San Antonio-New Braunfels, TX"
209,23,41740,17.986376021798364,-0.6444141689373297,-0.0667574931880109,1.326975476839237,1.4727520435967303,0.5504087193460491,-0.7438692098092643,13.216621253405995,3.258855585831063,0.17438692098092642,0.47275204359673023,0.07032590051457976,0.014802631578947368,0.017711171662125342,"San Diego-Carlsbad, CA"
210,23,41860,19.24203821656051,-0.7048832271762208,-0.38004246284501064,1.4904458598726114,1.5796178343949046,0.01910828025477707,-0.6740976645435244,13.766454352441613,3.0467091295116773,0.14225053078556263,0.3057324840764331,0.0416141235813367,0.0,0.018046709129511677,"San Francisco-Oakland-Hayward, CA"
211,23,41940,17.510556621880998,-0.8138195777351248,-0.29366602687140114,1.3531669865642995,1.4702495201535508,0.33013435700575816,-0.6890595009596929,14.284069097888676,3.560460652591171,0.09213051823416507,0.36084452975047987,0.031476997578692496,0.0,0.0,"San Jose-Sunnyvale-Santa Clara, CA"
212,23,42020,10.82857142857143,-0.6857142857142857,-0.14285714285714285,1.7714285714285714,1.9142857142857144,-1.0,-0.9428571428571428,11.571428571428571,1.8571428571428572,0.14285714285714285,0.4,0.06060606060606061,0.0,0.02857142857142857,"San Luis Obispo-Paso Robles-Arroyo Grande, CA"
213,23,42100,16.023255813953487,-0.813953488372093,0.5813953488372093,1.7906976744186047,1.8604651162790697,-1.0,-0.7906976744186046,13.44186046511628,2.255813953488372,0.09302325581395349,0.7441860465116279,0.07317073170731707,0.0,0.0,"Santa Cruz-Watsonville, CA"
214,23,42140,18.147727272727273,-0.6704545454545454,-0.18181818181818182,1.5,1.6590909090909092,1.0,-0.7613636363636364,12.090909090909092,2.3863636363636362,0.1590909090909091,0.4090909090909091,0.06666666666666667,0.0,0.0,"Santa Fe, NM"
216,23,42220,17.854166666666668,-0.4791666666666667,-0.125,1.5729166666666667,1.625,3.1354166666666665,-0.3645833333333333,12.708333333333334,3.125,0.23958333333333334,0.4791666666666667,0.024096385542168676,0.0,0.020833333333333332,"Santa Rosa, CA"
217,23,42340,16.870588235294118,-0.5647058823529412,-0.08235294117647059,1.223529411764706,1.4352941176470588,-0.7529411764705882,-0.7294117647058823,11.6,2.976470588235294,0.21176470588235294,0.49411764705882355,0.09230769230769231,0.04285714285714286,0.011764705882352941,"Savannah, GA"
218,23,42540,17.93859649122807,-0.37719298245614036,-0.2807017543859649,1.368421052631579,1.5,1.4824561403508771,-0.6842105263157895,13.070175438596491,3.3508771929824563,0.30701754385964913,0.3157894736842105,0.06521739130434782,0.0,0.02631578947368421,"Scranton--Wilkes-Barre--Hazelton, PA"
219,23,42660,19.46506777893639,-0.7194994786235662,-0.23774765380604795,1.2930135557872784,1.4608967674661106,0.40667361835245047,-0.6131386861313869,14.046923879040667,3.2398331595411887,0.1334723670490094,0.3555787278415016,0.05622489959839357,0.005076142131979695,0.029197080291970802,"Seattle-Tacoma-Bellevue, WA"
220,23,43300,17.649122807017545,-0.43859649122807015,-0.10526315789473684,1.1929824561403508,1.368421052631579,0.43859649122807015,-0.8421052631578947,10.43859649122807,2.824561403508772,0.2631578947368421,0.43859649122807015,0.1590909090909091,0.0,0.0,"Sherman-Dennison, TX"
221,23,43340,14.788990825688073,-0.481651376146789,-0.05963302752293578,1.2064220183486238,1.3990825688073394,0.11009174311926606,-0.6926605504587156,11.5,3.1559633027522938,0.24770642201834864,0.4541284403669725,0.10240963855421686,0.011428571428571429,0.009174311926605505,"Shreveport-Bossier City, LA"
222,23,43620,19.928421052631577,-0.5621052631578948,-0.05473684210526316,1.2547368421052632,1.416842105263158,0.6126315789473684,-0.608421052631579,12.76842105263158,3.088421052631579,0.21473684210526317,0.4442105263157895,0.07377049180327869,0.010416666666666666,0.0,"Sioux Falls, SD"
223,23,43780,11.8125,-0.59375,-0.390625,1.09375,1.109375,0.515625,-0.8125,12.765625,3.4375,0.203125,0.234375,0.022222222222222223,0.0,0.0,"South Bend-Mishawaka, IN-MI"
224,23,43900,14.61875,-0.50625,-0.15625,1.1125,1.23125,0.9875,-0.75625,10.96875,3.5,0.225,0.39375,0.08620689655172414,0.0,0.0,"Spartanburg, SC"
225,23,44060,12.296511627906977,-0.313953488372093,-0.09883720930232558,1.308139534883721,1.447674418604651,0.75,-0.7441860465116279,12.174418604651162,3.186046511627907,0.31976744186046513,0.42441860465116277,0.10218978102189781,0.014184397163120567,0.005813953488372093,"Spokane-Spokane Valley, WA"
226,23,44100,17.88372093023256,-0.5116279069767442,-0.06976744186046512,1.6046511627906976,1.6511627906976745,0.9069767441860465,-0.6744186046511628,12.209302325581396,2.86046511627907,0.20930232558139536,0.46511627906976744,0.05263157894736842,0.0,0.023255813953488372,"Springfield, IL"
227,23,44140,11.926829268292684,-0.3804878048780488,-0.37073170731707317,1.4585365853658536,1.575609756097561,-0.2,-0.8585365853658536,11.717073170731707,2.951219512195122,0.3024390243902439,0.28780487804878047,0.03529411764705882,0.0,0.004878048780487805,"Springfield, MA"
228,23,44180,17.825581395348838,-0.38372093023255816,0.09302325581395349,1.3255813953488371,1.4767441860465116,0.7906976744186046,-0.7209302325581395,11.55813953488372,2.813953488372093,0.29069767441860467,0.5116279069767442,0.14285714285714285,0.0,0.0,"Springfield, MO"
229,23,44700,16.151315789473685,-0.5263157894736842,-0.08552631578947369,1.1842105263157894,1.3289473684210527,1.8486842105263157,-0.6381578947368421,13.644736842105264,3.6710526315789473,0.23026315789473684,0.46710526315789475,0.08771929824561403,0.0,0.013157894736842105,"Stockton-Lodi, CA"
230,23,45060,19.588785046728972,-0.5887850467289719,-0.19626168224299065,1.2710280373831775,1.4953271028037383,0.9439252336448598,-0.6355140186915887,12.560747663551401,2.8878504672897196,0.205607476635514,0.3925233644859813,0.10714285714285714,0.0,0.028037383177570093,"Syracuse, NY"
231,23,45220,20.107526881720432,-0.4946236559139785,-0.17204301075268819,1.5698924731182795,1.7741935483870968,0.3225806451612903,-0.7526881720430108,12.21505376344086,2.4408602150537635,0.23655913978494625,0.41935483870967744,0.08536585365853659,0.0,0.043010752688172046,"Tallahassee, FL"
232,23,45300,16.179372197309416,-0.48878923766816146,-0.26606875934230195,1.3378176382660687,1.500747384155456,0.8565022421524664,-0.6741405082212257,12.143497757847534,2.9551569506726456,0.24813153961136025,0.3213751868460389,0.08752327746741155,0.0017921146953405018,0.005979073243647235,"Tampa-St. Petersburg-Clearwater, FL"
233,23,45460,17.42,-0.22,-0.08,1.46,1.64,2.2,-0.58,11.26,2.6,0.34,0.4,0.13953488372093023,0.0,0.0,"Terre Haute, IN"
234,23,45780,15.29896907216495,-0.4329896907216495,-0.28865979381443296,1.4536082474226804,1.597938144329897,-0.15463917525773196,-0.8556701030927835,11.731958762886597,2.814432989690722,0.27835051546391754,0.3402061855670103,0.0975609756097561,0.0,0.010309278350515464,"Toledo, OH"
235,23,45820,13.822033898305085,-0.7457627118644068,-0.1864406779661017,1.1271186440677967,1.228813559322034,-0.2288135593220339,-0.7203389830508474,12.220338983050848,3.76271186440678,0.11864406779661017,0.3898305084745763,0.047058823529411764,0.011363636363636364,0.025423728813559324,"Topeka, KS"
236,23,45940,18.444444444444443,-0.6222222222222222,-0.17777777777777778,1.4222222222222223,1.6666666666666667,-0.7555555555555555,-0.6666666666666666,12.755555555555556,2.688888888888889,0.17777777777777778,0.4222222222222222,0.13157894736842105,0.0,0.0,"Trenton, NJ"
237,23,46060,13.630541871921181,-0.5615763546798029,-0.09359605911330049,1.4137931034482758,1.5369458128078817,1.0098522167487685,-0.6354679802955665,12.935960591133005,3.12807881773399,0.20689655172413793,0.45320197044334976,0.10059171597633136,0.005813953488372093,0.0049261083743842365,"Tucson, AZ"
238,23,46140,16.647465437788018,-0.5299539170506913,-0.25806451612903225,1.152073732718894,1.327188940092166,0.37327188940092165,-0.6981566820276498,11.513824884792626,3.474654377880184,0.22811059907834103,0.35023041474654376,0.07210031347962383,0.002967359050445104,0.002304147465437788,"Tulsa, OK"
239,23,46340,15.03921568627451,-0.37254901960784315,-0.5490196078431373,1.1568627450980393,1.2941176470588236,1.411764705882353,-0.8235294117647058,11.823529411764707,4.764705882352941,0.27450980392156865,0.21568627450980393,0.10526315789473684,0.0,0.0,"Tyler, TX"
240,23,46520,14.026951672862454,-0.516728624535316,-0.18866171003717472,1.2732342007434945,1.4767657992565055,0.8076208178438662,-0.6951672862453532,13.215613382899628,3.853159851301115,0.23513011152416358,0.38011152416356875,0.10532544378698225,0.035595105672969966,0.032527881040892194,"Urban Honolulu, HI"
241,23,46540,11.279411764705882,-0.3235294117647059,-0.14705882352941177,1.161764705882353,1.338235294117647,3.2205882352941178,-0.6323529411764706,10.823529411764707,3.323529411764706,0.3235294117647059,0.38235294117647056,0.11764705882352941,0.0,0.029411764705882353,"Utica-Rome, NY"
242,23,46700,12.631578947368421,-0.5578947368421052,-0.05263157894736842,1.431578947368421,1.5894736842105264,-0.09473684210526316,-0.7684210526315789,13.505263157894737,3.7157894736842105,0.22105263157894736,0.4631578947368421,0.0759493670886076,0.0,0.021052631578947368,"Vallejo-Fairfield, CA"
243,23,47220,18.6875,-0.4375,-0.0625,1.3125,1.4375,-1.0,-0.625,13.375,2.75,0.25,0.4375,0.15384615384615385,0.0,0.0,"Vineland-Bridgeton, NJ"
244,23,47260,17.265372168284788,-0.4563106796116505,-0.1650485436893204,1.0679611650485437,1.3915857605177993,1.4110032362459546,-0.5889967637540453,12.517799352750808,3.071197411003236,0.26537216828478966,0.3948220064724919,0.19736842105263158,0.044,0.006472491909385114,"Virginia Beach-Norfolk-Newport News, VA-NC"
245,23,47300,13.388235294117647,-0.3176470588235294,-0.49411764705882355,1.4588235294117646,1.5058823529411764,0.38823529411764707,-0.8588235294117647,9.870588235294118,3.4705882352941178,0.3411764705882353,0.2235294117647059,0.014285714285714285,0.0,0.0,"Visalia-Porterville, CA"
246,23,47380,17.902439024390244,-0.5609756097560976,-0.3902439024390244,1.2195121951219512,1.4146341463414633,0.6341463414634146,-0.4146341463414634,10.658536585365853,3.1951219512195124,0.21951219512195122,0.3170731707317073,0.06451612903225806,0.0,0.0,"Waco, TX"
247,23,47580,14.490196078431373,-0.6078431372549019,-0.45098039215686275,0.8627450980392157,1.1176470588235294,-1.0,-0.8823529411764706,12.392156862745098,4.176470588235294,0.17647058823529413,0.27450980392156865,0.12121212121212122,0.0,0.0,"Warner Robins, GA"
248,23,47900,21.88925483738164,-0.7398106216550021,-0.514615067929189,1.46315356113627,1.5771922601893784,-0.4874433923425278,-0.6566488266776451,13.548785508439687,3.0535199670646356,0.12433100041169205,0.24083985179086043,0.051256776737309016,0.003350885591191958,0.009880609304240428,"Washington-Arlington-Alexandria, DC-VA-MD-WV"
249,23,47940,17.413793103448278,-0.35344827586206895,-0.20689655172413793,1.1896551724137931,1.3017241379310345,1.0775862068965518,-0.646551724137931,12.818965517241379,3.310344827586207,0.3103448275862069,0.3448275862068966,0.11363636363636363,0.0,0.034482758620689655,"Waterloo-Cedar Falls, IA"
250,23,48060,18.41176470588235,0.11764705882352941,-0.029411764705882353,1.6764705882352942,1.8823529411764706,-1.0,-1.0,12.058823529411764,2.235294117647059,0.5294117647058824,0.4411764705882353,0.15625,0.030303030303030304,0.0,"Watertown-Fort Drum, NY"
251,23,48140,16.64,-0.44,0.18,1.08,1.1,-1.0,-0.94,13.22,3.36,0.28,0.66,0.02857142857142857,0.0,0.0,"Wausau, WI"
252,23,48620,16.773809523809526,-0.6517857142857143,-0.11607142857142858,1.0476190476190477,1.2380952380952381,1.0505952380952381,-0.6339285714285714,12.568452380952381,3.392857142857143,0.16964285714285715,0.40773809523809523,0.05982905982905983,0.02766798418972332,0.017857142857142856,"Wichita, KS"
253,23,48660,17.961038961038962,-0.4805194805194805,-0.24675324675324675,1.051948051948052,1.2207792207792207,1.4025974025974026,-0.7012987012987013,11.324675324675324,3.4675324675324677,0.24675324675324675,0.3116883116883117,0.07407407407407407,0.0,0.012987012987012988,"Wichita Falls, TX"
254,23,48700,14.307692307692308,-0.46153846153846156,-0.11538461538461539,1.3846153846153846,1.5961538461538463,-0.21153846153846154,-0.9423076923076923,12.057692307692308,2.6153846153846154,0.2692307692307692,0.46153846153846156,0.11627906976744186,0.0,0.0,"Williamsport, PA"
255,23,49020,12.028571428571428,-0.4714285714285714,-0.34285714285714286,1.0857142857142856,1.4,-0.22857142857142856,-0.9142857142857143,11.914285714285715,3.4571428571428573,0.24285714285714285,0.2857142857142857,0.13725490196078433,0.0,0.0,"Winchester, VA-WV"
256,23,49180,15.2734375,-0.4375,-0.1328125,1.234375,1.3671875,1.765625,-0.6484375,10.6171875,3.078125,0.2578125,0.3984375,0.08163265306122448,0.0,0.0,"Winston-Salem, NC"
257,23,49340,18.20125786163522,-0.3836477987421384,-0.16352201257861634,1.4685534591194969,1.5943396226415094,0.31761006289308175,-0.6069182389937107,12.81132075471698,3.289308176100629,0.29245283018867924,0.389937106918239,0.0599250936329588,0.0,0.031446540880503145,"Worcester, MA-CT"
258,23,49620,17.53968253968254,-0.25396825396825395,-0.38095238095238093,1.4285714285714286,1.5238095238095237,-0.3492063492063492,-0.6349206349206349,13.746031746031745,3.3174603174603177,0.36507936507936506,0.2698412698412698,0.057692307692307696,0.0,0.015873015873015872,"York-Hanover, PA"
259,23,49660,14.151079136690647,-0.2446043165467626,-0.30935251798561153,1.2949640287769784,1.4172661870503598,0.9424460431654677,-0.7553956834532374,11.23021582733813,3.143884892086331,0.35251798561151076,0.34532374100719426,0.1,0.0,0.014388489208633094,"Youngstown-Warren-Boardman, OH-PA"
260,23,49740,13.417582417582418,-0.6593406593406593,-0.0989010989010989,1.3736263736263736,1.4725274725274726,0.34065934065934067,-0.8021978021978022,11.032967032967033,3.4175824175824174,0.16483516483516483,0.4175824175824176,0.0410958904109589,0.0,0.0,"Yuma, AZ"
